species,total_count,years_present,trend_slope,trend_p_value,mean_annual_count,cv_annual_count
Quiscale merle,100788.0,10,-9.696969696928136,0.9253514393626721,10078.8,8.526144470324343
Sporophile cici,38861.0,10,-44.79393939391889,0.5078518790390488,3886.1,14.66255159799424
Frégate superbe,1353.0,10,13.145454545454397,0.09012031209009316,135.3,52.24245287893778
